Segmento,Moneda,Posición,Cliente,Facturación
Alto valor y alta actividad,S/.,1,MINERA CHINALCO PERÚ S.A.,21663052.395000003
Alto valor y alta actividad,S/.,2,VOLCAN COMPANIA MINERA S.A.A.,13788318.1576
Alto valor y alta actividad,S/.,3,"REPSOL EXPLORACION PERU, SUCURSAL DEL PERU",9729434.5
Alto valor y alta actividad,S/.,4,ABS GROUP DEL PERU S.A.C.,9408239.7725
Alto valor y alta actividad,S/.,5,Corporacion Petrolera S.A.C,3213372.2600000002
Alto valor y alta actividad,S/.,6,COSMOS GLOBAL LOGISTICS S.A.C,2856241.82
Alto valor y alta actividad,S/.,7,CUMBRA PERU S.A.,2196804.0
Alto valor y alta actividad,S/.,8,INMAC PERU S.A.C.,1793078.73
Alto valor y alta actividad,S/.,9,STIERLIFT  S.A.,1737322.97
Alto valor y alta actividad,S/.,10,Biddle Inc S.A.C.,1725744.76
Alto valor y alta actividad,S/.,11,SOLGAS S.A.,1552016.5
Alto valor y alta actividad,S/.,12,SOUTHERN PERU COPPER CORPORATION SUCURSAL DEL PERU,1451010.7
Alto valor y alta actividad,S/.,13,CNPC PERU S.A.,1441361.66
Alto valor y alta actividad,S/.,14,ADMINISTRADORA JOCKEY PLAZA SHOPPING CENTER S.A.,1351533.58
Alto valor y alta actividad,S/.,15,SERPETBOL PERU CONSTRUCCIONES SEPCON S.A.C.,1220499.36
Alto valor y alta actividad,S/.,16,EMPRESA SIDERURGICA DEL PERU S.A.A.,1092094.13
Alto valor y alta actividad,S/.,17,CONDUTO PERU S.A.C.,1057357.51
Alto valor y alta actividad,S/.,18,RANSA COMERCIAL S.A.,946502.64
Alto valor y alta actividad,S/.,19,MOTA-ENGIL PERU S.A.,888807.53
Alto valor y alta actividad,S/.,20,TRANSBER S.A.C.,850729.14
Alto valor y alta actividad,S/.,21,PERU LNG S.R.L.,836609.14
Alto valor y alta actividad,S/.,22,GRUAS Y TRANSPORTES SAN LORENZO SAC,820576.0
Alto valor y alta actividad,S/.,23,SERVICIOS GENERALES LID S.A.C.,815428.99
Alto valor y alta actividad,S/.,24,PROSEGURIDAD S.A.,747540.2
Alto valor y alta actividad,S/.,25,COMPAÑÍA MINERA MISKI MAYO S.R.L.,739020.98
Alto valor y alta actividad,US$,1,ABS GROUP DEL PERU S.A.C.,2067179.63
Alto valor y alta actividad,US$,2,PERU LNG S.R.L.,1251993.0
Alto valor y alta actividad,US$,3,VOLCAN COMPANIA MINERA S.A.A.,397850.9
Alto valor y alta actividad,US$,4,COSMOS GLOBAL LOGISTICS S.A.C,286852.38
Alto valor y alta actividad,US$,5,MANTENIMIENTO INDUSTRIAL Y COMERCIAL SAC,251132.0
Alto valor y alta actividad,US$,6,MINERA CHINALCO PERÚ S.A.,241415.03
Alto valor y alta actividad,US$,7,TRABAJOS MARITIMOS S.A.,184118.0
Alto valor y alta actividad,US$,8,QUIMPAC S.A.,91550.0
Alto valor y alta actividad,US$,9,Consorcio Redram - Tucumann,85524.0
Alto valor y alta actividad,US$,10,TERMINALES DEL PERÚ,69312.9
Alto valor y alta actividad,US$,11,OILTANKING ANDINA SERVICES S.A.C.,65335.0
Alto valor y alta actividad,US$,12,ADMINISTRADORA JOCKEY PLAZA SHOPPING CENTER S.A.,63000.0
Alto valor y alta actividad,US$,13,APM TERMINALS CALLAO S.A.,60450.0
Alto valor y alta actividad,US$,14,PETROLERA TRANSOCEANICA S.A.,46500.0
Alto valor y alta actividad,US$,15,NAVIERA TRANSOCEANICA S.A.,44525.0
Alto valor y alta actividad,US$,16,DINETPERU S.A,34020.0
Alto valor y alta actividad,US$,17,SOLGAS S.A.,24040.0
Alto valor y alta actividad,US$,18,REFINERIA LA PAMPILLA S.A.A.,21500.0
Alto valor y alta actividad,US$,19,CONSORCIO BISA R&Q,17865.69
Alto valor y alta actividad,US$,20,CORPORACION YANFLO S.A.C.,13042.59
Alto valor y alta actividad,US$,21,SCHLUMBERGER DEL PERU S.A.,10763.119999999999
Alto valor y alta actividad,US$,22,"REPSOL EXPLORACION PERU, SUCURSAL DEL PERU",10000.0
Alto valor y alta actividad,US$,23,KALLPA GENERACION S.A.,9665.04
Alto valor y alta actividad,US$,24,OPERACIONES SEPROCAL S.A.C.,9000.0
Alto valor y alta actividad,US$,25,TERMINALES PORTUARIOS EUROANDINOS PAITA S.A. - TPE PAITA S.A.,8880.0
Menor actividad y alta conversión,S/.,1,EL PEDREGAL S.A.,413782.6
Menor actividad y alta conversión,S/.,2,VILLAS OQUENDO S.A.,337020.0
Menor actividad y alta conversión,S/.,3,MH REPRESENTACIONES S.A.C.,319770.0
Menor actividad y alta conversión,S/.,4,CUBICA-GESTORA INMOBILIARIA S.A.C.,254875.0
Menor actividad y alta conversión,S/.,5,UNIVERSIDAD SAN IGNACIO DE LOYOLA S.A.,230923.4443
Menor actividad y alta conversión,S/.,6,LEVEL 3 PERÚ S.A.,179550.0
Menor actividad y alta conversión,S/.,7,HIGH SERVICE INTERNATIONAL S.A.C,162240.0
Menor actividad y alta conversión,S/.,8,EMPRESA NACIONAL DE PUERTOS S.A.,132750.0
Menor actividad y alta conversión,S/.,9,CONSORCIO OBRAINSA-ASTALDI,116880.0
Menor actividad y alta conversión,S/.,10,NEXO LUBRICANTES S.A.,111600.0
Menor actividad y alta conversión,S/.,11,ORICA MINING SERVICES PERU S.A.,95674.66
Menor actividad y alta conversión,S/.,12,AUSTIN ENGINEERING PERU S.A.C.,88069.0
Menor actividad y alta conversión,S/.,13,PETRANSO,88010.0
Menor actividad y alta conversión,S/.,14,SATELLITAL PATROL SAC,84500.0
Menor actividad y alta conversión,S/.,15,PILECO S.A.C.,80300.0
Menor actividad y alta conversión,S/.,16,VPTM Iquitos S.A.C.,73515.0
Menor actividad y alta conversión,S/.,17,ALD AUTOMOTIVE PERU S.A. - ALD PERU S.A.,71875.0
Menor actividad y alta conversión,S/.,18,GRUPO ELITES DEL NORTE S.A.C.,55932.25
Menor actividad y alta conversión,S/.,19,MARIO CESAR DA COSTA MANZUR EIRL.,50578.25
Menor actividad y alta conversión,S/.,20,JRC Ingenieria y Construccion S.A.C.,50000.0
Menor actividad y alta conversión,S/.,21,LLAXTA SAC,48077.89
Menor actividad y alta conversión,S/.,22,GALIGRU PERU S.A.C.,46020.0
Menor actividad y alta conversión,S/.,23,R. STIGLICH S.A.,44240.0
Menor actividad y alta conversión,S/.,24,LOGISTICA INTEGRAL SERVICIOS GENERALES EIRL,43155.0
Menor actividad y alta conversión,S/.,25,GISER CORP S.A.C.,40616.0
Menor actividad y alta conversión,US$,1,TERMINALES PORTUARIOS PERUANOS SAC,115200.0
Menor actividad y alta conversión,US$,2,CONSULTORES Y AUDITORES MRK S.A.,84244.0
Menor actividad y alta conversión,US$,3,GYM OPERACIONES INTERNACIONALES SOCIEDAD ANONIMA CERRADA,79283.08
Menor actividad y alta conversión,US$,4,BPZ EXPLORACION & PRODUCCIÓN S.R.L,50400.0
Menor actividad y alta conversión,US$,5,OCEANO AGENCIA MARITIMA S.A.,45372.4
Menor actividad y alta conversión,US$,6,REPRESENTACIONES NAVIERAS Y ADUANERAS S.A.C. - RENADSA S.A.C. -,42000.0
Menor actividad y alta conversión,US$,7,CONSORCIO TERMINALES,39968.619999999995
Menor actividad y alta conversión,US$,8,AURAMINERALS,31555.5
Menor actividad y alta conversión,US$,9,ANGLO AMERICAN QUELLAVECO S.A.,11934.38
Menor actividad y alta conversión,US$,10,SOCIEDAD MINERA EL BROCAL,10200.0
Menor actividad y alta conversión,US$,11,FIRE SUPPRESSION SYSTEMS E.I.R.L.,3254.238
Menor actividad y alta conversión,US$,12,MINING SOLUTIONS S.A.C.,1627.12
Menor actividad y alta conversión,US$,13,TRANSPORTES HAGEMSA S.A.C.,580.0
Menor actividad y alta conversión,US$,14,PATRICIA CRISTINA NUÑEZ MENGOA,406.78
Menor actividad y alta conversión,US$,15,AMERICA MOVIL PERU S.A.C.,0.0
Menor actividad y alta conversión,US$,16,EMPRESA DE TRANSPORTES Y SERVICIOS GENERALES JOSECITO SOCIEDAD COMERCIAL DE RESP,0.0
Menor actividad y alta conversión,US$,17,GEOMINCO PERU SCRL,0.0
Menor actividad y alta conversión,US$,18,GRUPO FOOD SOLUTIONS S.A.C.,0.0
Menor actividad y alta conversión,US$,19,MEGA SOLUCIONES SOCIEDAD ANONIMA CERRADA,0.0
Menor actividad y alta conversión,US$,20,R Y M INGENIEROS S.A.C.,0.0
Menor actividad y alta conversión,US$,21,SERVICIOS MARITIMOS LOGISTICOS S.A.C,0.0
Menor actividad y alta conversión,US$,22,Tumi Contratistas Mineros S.A.C,0.0
